<?xml version="1.0" encoding="UTF-8"?>
<node>
<version>6</version>
<dict>
  <key>duplicate_of</key><string>0f9c82ad-dec2-420f-a577-728fae29413a</string>
  <key>title</key><string>2.11 Regular Expressions</string>
  <key>nodeid</key><string>2a722431-f980-4b87-a381-f70b1607e88f</string>
  <key>modified_time</key><integer>1593701119</integer>
  <key>version</key><integer>6</integer>
  <key>content_type</key><string>text/xhtml+xml</string>
  <key>created_time</key><integer>1591816087</integer>
  <key>info_sort_dir</key><integer>1</integer>
  <key>order</key><integer>11</integer>
  <key>info_sort</key><string>order</string>
</dict>
</node>
