<?xml version="1.0" encoding="UTF-8"?>
<node>
<version>6</version>
<dict>
  <key>duplicate_of</key><string>b69e568c-87ab-48a3-8a36-9b1440adc2c1</string>
  <key>title</key><string>2.2 Variables &amp; Mathematical Operators</string>
  <key>nodeid</key><string>6900b223-d469-4425-a8d9-ebb2c0acc6eb</string>
  <key>modified_time</key><integer>1593700918</integer>
  <key>version</key><integer>6</integer>
  <key>content_type</key><string>text/xhtml+xml</string>
  <key>created_time</key><integer>1591466482</integer>
  <key>info_sort_dir</key><integer>1</integer>
  <key>order</key><integer>2</integer>
  <key>info_sort</key><string>order</string>
</dict>
</node>
