<?xml version="1.0" encoding="UTF-8"?>
<node>
<version>6</version>
<dict>
  <key>duplicate_of</key><string>0704746e-9d30-494c-af6d-fdfaa1e37f93</string>
  <key>title</key><string>2.17 Sending E-Mail Using SMTP</string>
  <key>nodeid</key><string>40a27e7b-102e-424b-a32d-b8fdf6948db7</string>
  <key>modified_time</key><integer>1593701281</integer>
  <key>version</key><integer>6</integer>
  <key>content_type</key><string>text/xhtml+xml</string>
  <key>created_time</key><integer>1592707800</integer>
  <key>info_sort_dir</key><integer>1</integer>
  <key>order</key><integer>17</integer>
  <key>info_sort</key><string>order</string>
</dict>
</node>
