<?xml version="1.0" encoding="UTF-8"?>
<node>
<version>6</version>
<dict>
  <key>expanded</key><true/>
  <key>duplicate_of</key><string>4b2908cd-fd69-4082-aaea-47c9e3af8844</string>
  <key>title</key><string>2.14 CGI Programming</string>
  <key>nodeid</key><string>f1628eca-f231-496f-ab2b-010f2d980cae</string>
  <key>modified_time</key><integer>1593701189</integer>
  <key>version</key><integer>6</integer>
  <key>content_type</key><string>text/xhtml+xml</string>
  <key>created_time</key><integer>1591960131</integer>
  <key>info_sort_dir</key><integer>1</integer>
  <key>order</key><integer>14</integer>
  <key>info_sort</key><string>order</string>
</dict>
</node>
