<?xml version="1.0" encoding="UTF-8"?>
<node>
<version>6</version>
<dict>
  <key>duplicate_of</key><string>14c28257-aa75-4660-afd2-6edbba81592d</string>
  <key>title</key><string>2.15 MySQL Database Access</string>
  <key>nodeid</key><string>5a2d912f-a68d-4d55-9100-69275c065dac</string>
  <key>modified_time</key><integer>1593701211</integer>
  <key>version</key><integer>6</integer>
  <key>content_type</key><string>text/xhtml+xml</string>
  <key>created_time</key><integer>1592133170</integer>
  <key>info_sort_dir</key><integer>1</integer>
  <key>order</key><integer>15</integer>
  <key>info_sort</key><string>order</string>
</dict>
</node>
