<?xml version="1.0" encoding="UTF-8"?>
<node>
<version>6</version>
<dict>
  <key>duplicate_of</key><string>2beca53a-b330-424a-8d12-9672cfdc3a1d</string>
  <key>title</key><string>2.3 Decision Making</string>
  <key>nodeid</key><string>8a71258f-ec8e-45f6-86a9-f1d76b94ce45</string>
  <key>modified_time</key><integer>1593700947</integer>
  <key>version</key><integer>6</integer>
  <key>content_type</key><string>text/xhtml+xml</string>
  <key>created_time</key><integer>1591541912</integer>
  <key>info_sort_dir</key><integer>1</integer>
  <key>order</key><integer>3</integer>
  <key>info_sort</key><string>order</string>
</dict>
</node>
