<?xml version="1.0" encoding="UTF-8"?>
<node>
<version>6</version>
<dict>
  <key>duplicate_of</key><string>a785eb23-a2ee-4256-aa07-c97042f67b87</string>
  <key>title</key><string>2.13 Argparse</string>
  <key>nodeid</key><string>9b5b03fe-36c8-4d5c-a142-7ecdf9a87af6</string>
  <key>modified_time</key><integer>1593701155</integer>
  <key>version</key><integer>6</integer>
  <key>content_type</key><string>text/xhtml+xml</string>
  <key>created_time</key><integer>1591951973</integer>
  <key>info_sort_dir</key><integer>1</integer>
  <key>order</key><integer>13</integer>
  <key>info_sort</key><string>order</string>
</dict>
</node>
