<?xml version="1.0" encoding="UTF-8"?>
<node>
<version>6</version>
<dict>
  <key>duplicate_of</key><string>6f0477db-01a2-446a-a7bf-7cd1a12a218d</string>
  <key>title</key><string>2.7 Date &amp; Time</string>
  <key>nodeid</key><string>0c7385de-ac5c-4104-a25e-a1c8c6261744</string>
  <key>modified_time</key><integer>1593701009</integer>
  <key>version</key><integer>6</integer>
  <key>content_type</key><string>text/xhtml+xml</string>
  <key>created_time</key><integer>1591722456</integer>
  <key>info_sort_dir</key><integer>1</integer>
  <key>order</key><integer>7</integer>
  <key>info_sort</key><string>order</string>
</dict>
</node>
