<?xml version="1.0" encoding="UTF-8"?>
<node>
<version>6</version>
<dict>
  <key>duplicate_of</key><string>7ef9da4d-8ea0-4c56-8b59-796444c77f6f</string>
  <key>title</key><string>2.9 Files I/O</string>
  <key>nodeid</key><string>d3d1556a-c9c6-421b-bfb7-273a9dccd47b</string>
  <key>modified_time</key><integer>1591816059</integer>
  <key>version</key><integer>6</integer>
  <key>content_type</key><string>text/xhtml+xml</string>
  <key>created_time</key><integer>1591786250</integer>
  <key>info_sort_dir</key><integer>1</integer>
  <key>order</key><integer>9</integer>
  <key>info_sort</key><string>order</string>
</dict>
</node>
