<?xml version="1.0" encoding="UTF-8"?>
<node>
<version>6</version>
<dict>
  <key>duplicate_of</key><string>5a2e505b-61df-4868-a32a-9063bd24df1f</string>
  <key>title</key><string>2.6 Modules</string>
  <key>nodeid</key><string>1227c50d-654f-4df0-9e8c-b880519ccd26</string>
  <key>modified_time</key><integer>1593700315</integer>
  <key>version</key><integer>6</integer>
  <key>content_type</key><string>text/xhtml+xml</string>
  <key>created_time</key><integer>1591630163</integer>
  <key>info_sort_dir</key><integer>1</integer>
  <key>order</key><integer>6</integer>
  <key>info_sort</key><string>order</string>
</dict>
</node>
