<?xml version="1.0" encoding="UTF-8"?>
<node>
<version>6</version>
<dict>
  <key>duplicate_of</key><string>25705c7f-22f1-4f5e-9429-cf62615ef5b3</string>
  <key>title</key><string>2.18 Multithreading</string>
  <key>nodeid</key><string>04a1aea6-d10a-4b9b-9254-8b74841c58d5</string>
  <key>modified_time</key><integer>1593701471</integer>
  <key>version</key><integer>6</integer>
  <key>content_type</key><string>text/xhtml+xml</string>
  <key>created_time</key><integer>1592729189</integer>
  <key>info_sort_dir</key><integer>1</integer>
  <key>order</key><integer>18</integer>
  <key>info_sort</key><string>order</string>
</dict>
</node>
