<?xml version="1.0" encoding="UTF-8"?>
<node>
<version>6</version>
<dict>
  <key>expanded</key><true/>
  <key>duplicate_of</key><string>fa72f849-5e6a-4680-811b-e5e2ecdfbb28</string>
  <key>title</key><string>2 Python3 101</string>
  <key>nodeid</key><string>ec401a15-3193-45df-8c04-a97fd41cdc86</string>
  <key>modified_time</key><integer>1593701777</integer>
  <key>version</key><integer>6</integer>
  <key>content_type</key><string>text/xhtml+xml</string>
  <key>created_time</key><integer>1591456534</integer>
  <key>info_sort_dir</key><integer>1</integer>
  <key>order</key><integer>0</integer>
  <key>info_sort</key><string>order</string>
  <key>icon</key><string>folder-violet.png</string>
</dict>
</node>
