<?xml version="1.0" encoding="UTF-8"?>
<node>
<version>6</version>
<dict>
  <key>duplicate_of</key><string>3faaa0f0-49f5-4e0e-98b0-e5791b38d66c</string>
  <key>title</key><string>2.1 Introduction &amp; Python Modules</string>
  <key>nodeid</key><string>1a6dd397-1513-4151-bae5-d6432e8389b8</string>
  <key>modified_time</key><integer>1593700888</integer>
  <key>version</key><integer>6</integer>
  <key>content_type</key><string>text/xhtml+xml</string>
  <key>created_time</key><integer>1591456604</integer>
  <key>info_sort_dir</key><integer>1</integer>
  <key>order</key><integer>1</integer>
  <key>info_sort</key><string>order</string>
  <key>icon</key><string>note.png</string>
</dict>
</node>
