<?xml version="1.0" encoding="UTF-8"?>
<node>
<version>6</version>
<dict>
  <key>duplicate_of</key><string>244a68af-6438-46e8-b05f-ee90bb1663d8</string>
  <key>title</key><string>2.5 Functions</string>
  <key>nodeid</key><string>9bfdb6bd-afea-4fd3-b812-da94eefeb91f</string>
  <key>modified_time</key><integer>1593700983</integer>
  <key>version</key><integer>6</integer>
  <key>content_type</key><string>text/xhtml+xml</string>
  <key>created_time</key><integer>1591590958</integer>
  <key>info_sort_dir</key><integer>1</integer>
  <key>order</key><integer>5</integer>
  <key>info_sort</key><string>order</string>
</dict>
</node>
