<?xml version="1.0" encoding="UTF-8"?>
<node>
<version>6</version>
<dict>
  <key>duplicate_of</key><string>282f767e-4355-4b3f-bd7d-b642dfd44683</string>
  <key>title</key><string>2.4 Loops</string>
  <key>nodeid</key><string>11ca888f-74c7-4390-9439-015882805772</string>
  <key>modified_time</key><integer>1593700963</integer>
  <key>version</key><integer>6</integer>
  <key>content_type</key><string>text/xhtml+xml</string>
  <key>created_time</key><integer>1591543810</integer>
  <key>info_sort_dir</key><integer>1</integer>
  <key>order</key><integer>4</integer>
  <key>info_sort</key><string>order</string>
</dict>
</node>
