<?xml version="1.0" encoding="UTF-8"?>
<node>
<version>6</version>
<dict>
  <key>duplicate_of</key><string>6a1b575c-a8c1-4ae3-8819-f48cb3f6b8fb</string>
  <key>title</key><string>2.8 Exceptions Handling</string>
  <key>nodeid</key><string>a0ec9624-1064-4f73-8540-e55fcddc0b1b</string>
  <key>modified_time</key><integer>1593700738</integer>
  <key>version</key><integer>6</integer>
  <key>content_type</key><string>text/xhtml+xml</string>
  <key>created_time</key><integer>1591786209</integer>
  <key>info_sort_dir</key><integer>1</integer>
  <key>order</key><integer>8</integer>
  <key>info_sort</key><string>order</string>
  <key>icon</key><string>note.png</string>
</dict>
</node>
