<?xml version="1.0" encoding="UTF-8"?>
<node>
<version>6</version>
<dict>
  <key>duplicate_of</key><string>9959f74b-aefe-4506-bec2-f71c37116cd3</string>
  <key>title</key><string>2.16 Network Programming</string>
  <key>nodeid</key><string>d910836b-b233-439b-9750-d1cae5512a39</string>
  <key>modified_time</key><integer>1593701249</integer>
  <key>version</key><integer>6</integer>
  <key>content_type</key><string>text/xhtml+xml</string>
  <key>created_time</key><integer>1592678209</integer>
  <key>info_sort_dir</key><integer>1</integer>
  <key>order</key><integer>16</integer>
  <key>info_sort</key><string>order</string>
</dict>
</node>
