<?xml version="1.0" encoding="UTF-8"?>
<node>
<version>6</version>
<dict>
  <key>duplicate_of</key><string>157966e7-d5e9-43a1-a68f-985631756f06</string>
  <key>title</key><string>2.10 Classes and Object</string>
  <key>nodeid</key><string>bbe720f1-3dec-4e84-a5a1-bea601b5b731</string>
  <key>modified_time</key><integer>1593701069</integer>
  <key>version</key><integer>6</integer>
  <key>content_type</key><string>text/xhtml+xml</string>
  <key>created_time</key><integer>1591881984</integer>
  <key>info_sort_dir</key><integer>1</integer>
  <key>order</key><integer>10</integer>
  <key>info_sort</key><string>order</string>
</dict>
</node>
