<?xml version="1.0" encoding="UTF-8"?>
<node>
<version>6</version>
<dict>
  <key>duplicate_of</key><string>40a01b83-600f-4f6a-9712-b05d73e11b9a</string>
  <key>title</key><string>2.12 Templating</string>
  <key>nodeid</key><string>e41e4db9-22b4-4a68-b630-dc38dc23144a</string>
  <key>modified_time</key><integer>1593701139</integer>
  <key>version</key><integer>6</integer>
  <key>content_type</key><string>text/xhtml+xml</string>
  <key>created_time</key><integer>1591903684</integer>
  <key>info_sort_dir</key><integer>1</integer>
  <key>order</key><integer>12</integer>
  <key>info_sort</key><string>order</string>
</dict>
</node>
